{
  "Delete product Request" : {
    "transaction" : "Delete product Request",
    "sampleCount" : 1,
    "errorCount" : 1,
    "errorPct" : 100.0,
    "meanResTime" : 1725.0,
    "medianResTime" : 1725.0,
    "minResTime" : 1725.0,
    "maxResTime" : 1725.0,
    "pct1ResTime" : 1725.0,
    "pct2ResTime" : 1725.0,
    "pct3ResTime" : 1725.0,
    "throughput" : 0.5797101449275363,
    "receivedKBytesPerSec" : 1.0009057971014492,
    "sentKBytesPerSec" : 0.10812952898550723
  },
  "PUT Update Product (Load Test)" : {
    "transaction" : "PUT Update Product (Load Test)",
    "sampleCount" : 10,
    "errorCount" : 10,
    "errorPct" : 100.0,
    "meanResTime" : 1033.3999999999999,
    "medianResTime" : 756.5,
    "minResTime" : 422.0,
    "maxResTime" : 2386.0,
    "pct1ResTime" : 2335.9,
    "pct2ResTime" : 2386.0,
    "pct3ResTime" : 2386.0,
    "throughput" : 2.906131938390003,
    "receivedKBytesPerSec" : 5.016483217088056,
    "sentKBytesPerSec" : 1.0642573016564953
  },
  "Total" : {
    "transaction" : "Total",
    "sampleCount" : 41,
    "errorCount" : 11,
    "errorPct" : 26.829268,
    "meanResTime" : 896.0243902439023,
    "medianResTime" : 794.0,
    "minResTime" : 418.0,
    "maxResTime" : 2386.0,
    "pct1ResTime" : 1853.0000000000007,
    "pct2ResTime" : 2050.5,
    "pct3ResTime" : 2386.0,
    "throughput" : 4.240794373189905,
    "receivedKBytesPerSec" : 7.787045536822508,
    "sentKBytesPerSec" : 1.4142378529685562
  },
  "Login - POST / auth/login" : {
    "transaction" : "Login - POST / auth/login",
    "sampleCount" : 10,
    "errorCount" : 0,
    "errorPct" : 0.0,
    "meanResTime" : 951.6999999999999,
    "medianResTime" : 880.5,
    "minResTime" : 794.0,
    "maxResTime" : 1725.0,
    "pct1ResTime" : 1646.4000000000003,
    "pct2ResTime" : 1725.0,
    "pct3ResTime" : 1725.0,
    "throughput" : 1.034340091021928,
    "receivedKBytesPerSec" : 1.8240345081712868,
    "sentKBytesPerSec" : 0.28080717314853126
  },
  "Create Products- POST " : {
    "transaction" : "Create Products- POST ",
    "sampleCount" : 10,
    "errorCount" : 0,
    "errorPct" : 0.0,
    "meanResTime" : 1035.1999999999998,
    "medianResTime" : 841.5,
    "minResTime" : 453.0,
    "maxResTime" : 2063.0,
    "pct1ResTime" : 2050.5,
    "pct2ResTime" : 2063.0,
    "pct3ResTime" : 2063.0,
    "throughput" : 3.0911901081916535,
    "receivedKBytesPerSec" : 5.812886398763524,
    "sentKBytesPerSec" : 1.1229714064914993
  },
  "PUT Update product(Single Product)" : {
    "transaction" : "PUT Update product(Single Product)",
    "sampleCount" : 10,
    "errorCount" : 0,
    "errorPct" : 0.0,
    "meanResTime" : 480.9,
    "medianResTime" : 479.5,
    "minResTime" : 418.0,
    "maxResTime" : 552.0,
    "pct1ResTime" : 550.6,
    "pct2ResTime" : 552.0,
    "pct3ResTime" : 552.0,
    "throughput" : 4.868549172346641,
    "receivedKBytesPerSec" : 9.667683483446934,
    "sentKBytesPerSec" : 1.692581548198637
  }
}