{
  "Delete product Request" : {
    "transaction" : "Delete product Request",
    "sampleCount" : 1,
    "errorCount" : 1,
    "errorPct" : 100.0,
    "meanResTime" : 1275.0,
    "medianResTime" : 1275.0,
    "minResTime" : 1275.0,
    "maxResTime" : 1275.0,
    "pct1ResTime" : 1275.0,
    "pct2ResTime" : 1275.0,
    "pct3ResTime" : 1275.0,
    "throughput" : 0.7843137254901961,
    "receivedKBytesPerSec" : 1.3602941176470589,
    "sentKBytesPerSec" : 0.14629289215686275
  },
  "PUT Update Product (Load Test)" : {
    "transaction" : "PUT Update Product (Load Test)",
    "sampleCount" : 10,
    "errorCount" : 0,
    "errorPct" : 0.0,
    "meanResTime" : 857.1,
    "medianResTime" : 761.0,
    "minResTime" : 445.0,
    "maxResTime" : 1489.0,
    "pct1ResTime" : 1484.2,
    "pct2ResTime" : 1489.0,
    "pct3ResTime" : 1489.0,
    "throughput" : 3.6023054755043225,
    "receivedKBytesPerSec" : 6.779651476945245,
    "sentKBytesPerSec" : 1.3192036653458215
  },
  "Total" : {
    "transaction" : "Total",
    "sampleCount" : 31,
    "errorCount" : 1,
    "errorPct" : 3.2258065,
    "meanResTime" : 916.7419354838712,
    "medianResTime" : 798.0,
    "minResTime" : 445.0,
    "maxResTime" : 2107.0,
    "pct1ResTime" : 1479.8,
    "pct2ResTime" : 1820.1999999999994,
    "pct3ResTime" : 2107.0,
    "throughput" : 3.214433844877644,
    "receivedKBytesPerSec" : 5.912638363231024,
    "sentKBytesPerSec" : 1.057267634021153
  },
  "Login - POST / auth/login" : {
    "transaction" : "Login - POST / auth/login",
    "sampleCount" : 10,
    "errorCount" : 0,
    "errorPct" : 0.0,
    "meanResTime" : 973.4,
    "medianResTime" : 795.5,
    "minResTime" : 780.0,
    "maxResTime" : 2107.0,
    "pct1ResTime" : 2023.8000000000002,
    "pct2ResTime" : 2107.0,
    "pct3ResTime" : 2107.0,
    "throughput" : 1.0369141435089175,
    "receivedKBytesPerSec" : 1.829788923164662,
    "sentKBytesPerSec" : 0.28150598817917877
  },
  "Create Products- POST " : {
    "transaction" : "Create Products- POST ",
    "sampleCount" : 10,
    "errorCount" : 0,
    "errorPct" : 0.0,
    "meanResTime" : 883.8999999999999,
    "medianResTime" : 870.5,
    "minResTime" : 452.0,
    "maxResTime" : 1629.0,
    "pct1ResTime" : 1610.4,
    "pct2ResTime" : 1629.0,
    "pct3ResTime" : 1629.0,
    "throughput" : 3.892565200467108,
    "receivedKBytesPerSec" : 7.325929349941612,
    "sentKBytesPerSec" : 1.4140959517321916
  }
}